{"fx": 616.8676147460938, "fy": 617.0631103515625, "ppx": 319.57012939453125, "ppy": 233.06488037109375, "height": 480, "width": 640, "depth_scale": 0.0010000000474974513}