{
    "banana": [
        282.2936577277014,
        -151.35143732009115,
        147.94756303527035,
        179.688507,
        0.6219,
        -132.871307
    ],
    "mouse": [
        263.74744335764785,
        -27.921972712435636,
        149.85767306049453,
        179.688507,
        0.6219,
        -132.871307
    ]
}